{"cameraMode":{"drawMode":0,"name":"Shaded","section":"Shading Mode"},"sceneLighting":true,"audioPlay":false,"sceneViewState":{"showFog":true,"showMaterialUpdate":false,"showSkybox":false,"showFlares":true,"showImageEffects":true,"showParticleSystems":true},"in2DMode":false,"pivot":{"x":-30.893550872802736,"y":-4.248234748840332,"z":1.3676061630249024},"rotation":{"x":0.22438818216323853,"y":-0.7756101489067078,"z":0.41628333926200869,"w":0.418077677488327},"size":40.010372161865237,"orthographic":false}