{"cameraMode":{"drawMode":0,"name":"Shaded","section":"Shading Mode"},"sceneLighting":true,"audioPlay":false,"sceneViewState":{"showFog":true,"showMaterialUpdate":false,"showSkybox":true,"showFlares":true,"showImageEffects":true,"showParticleSystems":true},"in2DMode":false,"pivot":{"x":0.3374931812286377,"y":0.40289977192878725,"z":0.38164615631103518},"rotation":{"x":0.029922042042016984,"y":-0.15826159715652467,"z":0.004797437693923712,"w":0.986932098865509},"size":4.014476299285889,"orthographic":false}