{"cameraMode":{"drawMode":0,"name":"Shaded","section":"Shading Mode"},"sceneLighting":false,"audioPlay":false,"sceneViewState":{"showFog":true,"showMaterialUpdate":false,"showSkybox":false,"showFlares":true,"showImageEffects":true,"showParticleSystems":true},"in2DMode":false,"pivot":{"x":1.0,"y":-0.00722089409828186,"z":-0.06400050967931748},"rotation":{"x":0.10507939010858536,"y":-0.4131786525249481,"z":0.04806411266326904,"w":0.9032893776893616},"size":1.0144764184951783,"orthographic":false}