{"cameraMode":{"drawMode":0,"name":"Shaded","section":"Shading Mode"},"sceneLighting":false,"audioPlay":false,"sceneViewState":{"showFog":true,"showMaterialUpdate":false,"showSkybox":false,"showFlares":true,"showImageEffects":true,"showParticleSystems":true},"in2DMode":false,"pivot":{"x":0.0,"y":1.8927791118621827,"z":-0.06400050967931748},"rotation":{"x":0.038092371076345447,"y":-0.43429651856422427,"z":0.018386008217930795,"w":0.8997763991355896},"size":1.0144764184951783,"orthographic":false}