{"cameraMode":{"drawMode":0,"name":"Shaded","section":"Shading Mode"},"sceneLighting":true,"audioPlay":false,"sceneViewState":{"showFog":true,"showMaterialUpdate":false,"showSkybox":true,"showFlares":true,"showImageEffects":true,"showParticleSystems":true},"in2DMode":false,"pivot":{"x":0.0,"y":-0.09999966621398926,"z":0.000002384185791015625},"rotation":{"x":-0.0090601472184062,"y":-0.9868397116661072,"z":0.059588611125946048,"w":-0.15004859864711762},"size":7.249241352081299,"orthographic":false}