{"cameraMode":{"drawMode":0,"name":"Shaded","section":"Shading Mode"},"sceneLighting":false,"audioPlay":false,"sceneViewState":{"showFog":true,"showMaterialUpdate":false,"showSkybox":false,"showFlares":true,"showImageEffects":true,"showParticleSystems":true},"in2DMode":false,"pivot":{"x":1.0800000429153443,"y":-0.00722089409828186,"z":1.1659995317459107},"rotation":{"x":0.0981995090842247,"y":-0.5053934454917908,"z":0.05802442505955696,"w":0.855317234992981},"size":1.0144764184951783,"orthographic":false}